Country,City,Q1_2020,Q2_2020,Q3_2020,Q4_2020,Q1_2021,Q2_2021,Q3_2021,Q4_2021,Q1_2022,Q2_2022,Q3_2022,Q4_2022,Q1_2023,Q2_2023,Q3_2023,Q4_2023,Q1_2024,Q2_2024,Q3_2024,GDP_Growth_Rate,Unemployment_Rate,Population_Growth_Rate,Interest_Rate,Average_Income,Urbanization_Rate,Region,Climate Zone
Austria,Zurich,153.52,154.64,157.34,158.39,164.63,167.65,169.43,169.38,173.59,169.77,166.32,169.63,164.35,169.3,164.68,163.72,164.29,161.48,161.4,2.17,6.7,1.17,2.73,55000,75.57,Central Europe,Continental
Austria,Geneva,153.52,157.41,157.34,156.28,164.63,165.77,169.43,170.97,173.59,166.65,166.32,168.68,164.35,164.65,164.68,163.73,164.29,158.9,161.4,2.17,6.7,1.17,2.73,55000,75.57,Central Europe,Continental
Austria,Linz,153.52,155.74,157.34,159.36,164.63,170.67,169.43,168.91,173.59,172.09,166.32,169.51,164.35,165.14,164.68,160.89,164.29,158.93,161.4,2.17,6.7,1.17,2.73,55000,75.57,Central Europe,Continental
Austria,Bern,153.52,157.63,157.34,154.29,164.63,175.04,169.43,166.16,173.59,173.23,166.32,174.12,164.35,163.44,164.68,163.64,164.29,163.95,161.4,2.17,6.7,1.17,2.73,55000,75.57,Central Europe,Continental
Austria,Vienna,153.52,152.86,157.34,159.97,164.63,176.92,169.43,166.74,173.59,166.31,166.32,165.1,164.35,161.34,164.68,166.47,164.29,160.73,161.4,2.17,6.7,1.17,2.73,55000,75.57,Central Europe,Continental
Belgium,Antwerp,128.04,126.21,128.62,124.35,130.02,131.2,132.18,131.62,134.96,137.3,134.55,135.97,135.04,130.56,134.55,132.3,136.31,140.8,138.28,2.6,5.43,1.19,3.01,60000,69.54,Western Europe,Temperate
Belgium,Brussels,128.04,126.32,128.62,127.52,130.02,128.58,132.18,129.8,134.96,133.26,134.55,137.22,135.04,137.41,134.55,133.85,136.31,138.84,138.28,2.6,5.43,1.19,3.01,60000,69.54,Western Europe,Temperate
Belgium,Charleroi,128.04,127.76,128.62,127.14,130.02,132.53,132.18,131.6,134.96,134.18,134.55,136.26,135.04,138.6,134.55,136.37,136.31,136.64,138.28,2.6,5.43,1.19,3.01,60000,69.54,Western Europe,Temperate
Belgium,Ghent,128.04,127.11,128.62,127.41,130.02,130.23,132.18,131.72,134.96,134.3,134.55,136.78,135.04,137.64,134.55,128.92,136.31,136.12,138.28,2.6,5.43,1.19,3.01,60000,69.54,Western Europe,Temperate
Belgium,LiÃ¨ge,128.04,125.15,128.62,125.66,130.02,132.38,132.18,129.14,134.96,135.55,134.55,134.63,135.04,140.54,134.55,133.69,136.31,139.72,138.28,2.6,5.43,1.19,3.01,60000,69.54,Western Europe,Temperate
Bulgaria,Burgas,150.9,156.88,154.48,151.7,162.52,164.15,167.58,159.86,174.43,177.3,175.14,168.22,177.93,179.98,185.5,186.67,190.48,189.82,192.78,3.32,6.05,0.96,3.56,20000,67.23,Eastern Europe,Continental
Bulgaria,Plovdiv,150.9,160.01,154.48,151.56,162.52,162.93,167.58,160.08,174.43,174.3,175.14,176.02,177.93,183.63,185.5,176.45,190.48,191.18,192.78,3.32,6.05,0.96,3.56,20000,67.23,Eastern Europe,Continental
Bulgaria,Ruse,150.9,154.2,154.48,154.33,162.52,160.06,167.58,170.13,174.43,178.3,175.14,175.49,177.93,174.27,185.5,181.94,190.48,194.02,192.78,3.32,6.05,0.96,3.56,20000,67.23,Eastern Europe,Continental
Bulgaria,Sofia,150.9,155.46,154.48,151.9,162.52,162.07,167.58,161.72,174.43,174.36,175.14,175.93,177.93,182.92,185.5,177.51,190.48,194.38,192.78,3.32,6.05,0.96,3.56,20000,67.23,Eastern Europe,Continental
Bulgaria,Varna,150.9,151.58,154.48,152.9,162.52,166.59,167.58,165.28,174.43,177.07,175.14,178.6,177.93,174.11,185.5,175.75,190.48,188.86,192.78,3.32,6.05,0.96,3.56,20000,67.23,Eastern Europe,Continental
Croatia,Osijek,141.44,139.1,144.99,145.17,152.25,160.42,157.94,155.5,162.44,167.17,170.11,168.03,173.56,169.01,179.63,178.27,180.09,187.09,186.24,2.42,6.32,1.18,3.73,25000,77.72,Southern Europe,Mediterranean
Croatia,Rijeka,141.44,139.12,144.99,142.13,152.25,155.16,157.94,153.12,162.44,166.57,170.11,162.25,173.56,184.46,179.63,174.26,180.09,184.22,186.24,2.42,6.32,1.18,3.73,25000,77.72,Southern Europe,Mediterranean
Croatia,Split,141.44,142.84,144.99,138.8,152.25,151.63,157.94,154.59,162.44,167.57,170.11,167.96,173.56,176.69,179.63,173.72,180.09,189.5,186.24,2.42,6.32,1.18,3.73,25000,77.72,Southern Europe,Mediterranean
Croatia,Zadar,141.44,145,144.99,141.05,152.25,155.29,157.94,160.12,162.44,170.18,170.11,169.9,173.56,179.83,179.63,172.01,180.09,183.35,186.24,2.42,6.32,1.18,3.73,25000,77.72,Southern Europe,Mediterranean
Croatia,Zagreb,141.44,146.55,144.99,139.77,152.25,157.61,157.94,155.24,162.44,164.21,170.11,164.74,173.56,176.81,179.63,177.35,180.09,176.34,186.24,2.42,6.32,1.18,3.73,25000,77.72,Southern Europe,Mediterranean
Cyprus,Famagusta,106.8,106.11,103.44,103.83,103.95,102.9,106.35,105.92,109.95,107.24,108.27,105.89,110.31,108.83,110.15,108.32,110.65,107.22,109.95,3.48,4.32,1.32,3.51,30000,67.51,Southern Europe,Mediterranean
Cyprus,Larnaca,106.8,110.81,103.44,107.49,103.95,107.59,106.35,100.2,109.95,110.05,108.27,110.18,110.31,111.95,110.15,110.02,110.65,108.18,109.95,3.48,4.32,1.32,3.51,30000,67.51,Southern Europe,Mediterranean
Cyprus,Limassol,106.8,107.26,103.44,105.34,103.95,104.36,106.35,103.34,109.95,105.09,108.27,110.23,110.31,109.24,110.15,112.26,110.65,114.57,109.95,3.48,4.32,1.32,3.51,30000,67.51,Southern Europe,Mediterranean
Cyprus,Nicosia,106.8,101.91,103.44,100.53,103.95,106.31,106.35,105.92,109.95,108.7,108.27,107.7,110.31,109.58,110.15,110.92,110.65,107.21,109.95,3.48,4.32,1.32,3.51,30000,67.51,Southern Europe,Mediterranean
Cyprus,Paphos,106.8,102.89,103.44,106.25,103.95,107.55,106.35,104.05,109.95,107.16,108.27,109.46,110.31,103.84,110.15,113.35,110.65,109.08,109.95,3.48,4.32,1.32,3.51,30000,67.51,Southern Europe,Mediterranean
Czechia,Brno,189.8,193.71,200.6,198.26,210,212.47,217.2,216.19,219.4,212.06,214.5,215.72,211.8,215.45,211,217.24,211.7,210.81,212.3,2.94,4.38,0.73,3.8,35000,67.1,Central Europe,Continental
Czechia,Liberec,189.8,192.76,200.6,196.36,210,208.54,217.2,213.23,219.4,211.79,214.5,219.96,211.8,208.47,211,214.71,211.7,211.33,212.3,2.94,4.38,0.73,3.8,35000,67.1,Central Europe,Continental
Czechia,Ostrava,189.8,192.17,200.6,193.3,210,213.04,217.2,219.44,219.4,214.89,214.5,219.27,211.8,212.07,211,203.43,211.7,213.16,212.3,2.94,4.38,0.73,3.8,35000,67.1,Central Europe,Continental
Czechia,PlzeÅˆ,189.8,190.02,200.6,193.83,210,221.44,217.2,220.21,219.4,212.86,214.5,215.63,211.8,210.66,211,201.17,211.7,215.49,212.3,2.94,4.38,0.73,3.8,35000,67.1,Central Europe,Continental
Czechia,Prague,189.8,197.2,200.6,196.12,210,213.74,217.2,219.47,219.4,217.11,214.5,218.95,211.8,213.9,211,215.36,211.7,221.59,212.3,2.94,4.38,0.73,3.8,35000,67.1,Central Europe,Continental
Denmark,Aalborg,140.12,142.36,140.38,140.21,141.9,138.08,144.42,141.23,144.85,138.73,141.42,143.68,134.93,136.76,135.47,139.8,137.88,146.38,140.1,2.06,3.49,1.27,3.5,65000,68.03,Northern Europe,Temperate
Denmark,Aarhus,140.12,138.7,140.38,137.71,141.9,142.07,144.42,142.42,144.85,142.98,141.42,142.68,134.93,133.72,135.47,132.55,137.88,139.33,140.1,2.06,3.49,1.27,3.5,65000,68.03,Northern Europe,Temperate
Denmark,Copenhagen,140.12,141.28,140.38,138.8,141.9,139.16,144.42,142.5,144.85,145.87,141.42,145,134.93,139.2,135.47,134.41,137.88,138.33,140.1,2.06,3.49,1.27,3.5,65000,68.03,Northern Europe,Temperate
Denmark,Esbjerg,140.12,141.13,140.38,138.54,141.9,144.71,144.42,142.25,144.85,142.75,141.42,143.16,134.93,131.55,135.47,136.1,137.88,141.3,140.1,2.06,3.49,1.27,3.5,65000,68.03,Northern Europe,Temperate
Denmark,Odense,140.12,143.6,140.38,138.12,141.9,145.98,144.42,141.81,144.85,142.14,141.42,147.11,134.93,132.9,135.47,136.37,137.88,143.08,140.1,2.06,3.49,1.27,3.5,65000,68.03,Northern Europe,Temperate
Estonia,Kohtla-JÃ¤rve,153.71,156.88,163.78,159.61,175.37,184.04,189.36,178.15,190.94,191.08,191.38,193.33,191.43,192.12,198.79,195.69,198.26,203.43,202.4,2.31,4.07,0.99,3.56,30000,69.27,Northern Europe,Continental
Estonia,Narva,153.71,161.24,163.78,152.73,175.37,183.99,189.36,182.4,190.94,194.11,191.38,192.77,191.43,189.07,198.79,188.69,198.26,196.56,202.4,2.31,4.07,0.99,3.56,30000,69.27,Northern Europe,Continental
Estonia,PÃ¤rnu,153.71,157.79,163.78,158.76,175.37,188.36,189.36,188.79,190.94,190.8,191.38,189.22,191.43,190.33,198.79,201.11,198.26,201.72,202.4,2.31,4.07,0.99,3.56,30000,69.27,Northern Europe,Continental
Estonia,Tallinn,153.71,154.58,163.78,153.27,175.37,181.28,189.36,184.37,190.94,186.3,191.38,193.83,191.43,195.87,198.79,196.07,198.26,202.73,202.4,2.31,4.07,0.99,3.56,30000,69.27,Northern Europe,Continental
Estonia,Tartu,153.71,155.15,163.78,161.36,175.37,176.36,189.36,173.63,190.94,193.5,191.38,186.69,191.43,198.81,198.79,200.82,198.26,203.5,202.4,2.31,4.07,0.99,3.56,30000,69.27,Northern Europe,Continental
Finland,Espoo,110.92,112.28,111.12,107.3,112.23,111.38,113.81,110.79,112.41,112.96,108.53,108.28,106.52,105.54,107.45,106.3,104.35,103.13,103.32,2.07,3.88,0.83,3.55,55000,70.45,Northern Europe,Continental
Finland,Helsinki,110.92,109.02,111.12,110.22,112.23,111.61,113.81,116.13,112.41,109.77,108.53,110.98,106.52,108.33,107.45,104.12,104.35,102.67,103.32,2.07,3.88,0.83,3.55,55000,70.45,Northern Europe,Continental
Finland,Oulu,110.92,111.59,111.12,112.68,112.23,111.5,113.81,110.27,112.41,112.68,108.53,111.01,106.52,108.06,107.45,103.14,104.35,100.43,103.32,2.07,3.88,0.83,3.55,55000,70.45,Northern Europe,Continental
Finland,Tampere,110.92,108.27,111.12,112.92,112.23,109.06,113.81,112.74,112.41,111.27,108.53,116.46,106.52,106.22,107.45,105.91,104.35,102.59,103.32,2.07,3.88,0.83,3.55,55000,70.45,Northern Europe,Continental
Finland,Vantaa,110.92,110.21,111.12,109.95,112.23,111.84,113.81,110.57,112.41,108.78,108.53,107.27,106.52,107.16,107.45,108.07,104.35,106.45,103.32,2.07,3.88,0.83,3.55,55000,70.45,Northern Europe,Continental
France,Lausanne,126.11,124.62,127.52,124.01,128.6,129.2,130.83,128.57,134.34,130.8,133.5,134.16,132.32,136.92,131.72,134.71,132.25,128.33,128.73,3.42,4.46,0.96,3.75,50000,66.03,Western Europe,Temperate
France,Lucerne,126.11,129.83,127.52,124.82,128.6,132.44,130.83,134.45,134.34,131.82,133.5,138.16,132.32,134.57,131.72,136.8,132.25,127.93,128.73,3.42,4.46,0.96,3.75,50000,66.03,Western Europe,Temperate
France,St. Gallen,126.11,120.38,127.52,127.12,128.6,127.65,130.83,124.38,134.34,133.85,133.5,134.99,132.32,128.54,131.72,132.14,132.25,129.46,128.73,3.42,4.46,0.96,3.75,50000,66.03,Western Europe,Temperate
France,Paris,126.11,127.67,127.52,128.54,128.6,125.02,130.83,126.49,134.34,131.28,133.5,137.8,132.32,131.17,131.72,132.88,132.25,130.39,128.73,3.42,4.46,0.96,3.75,50000,66.03,Western Europe,Temperate
France,Winterthur,126.11,123.06,127.52,124.63,128.6,131.03,130.83,127.58,134.34,135.03,133.5,133.12,132.32,132.61,131.72,132.51,132.25,134.37,128.73,3.42,4.46,0.96,3.75,50000,66.03,Western Europe,Temperate
Germany,Berlin,158.2,157.48,162.6,157.99,163.2,159.34,166.1,171.75,164.8,164.41,156.2,161.48,152,156.41,150,144.18,148,141.77,145,2.53,3.79,1.2,3.3,62400,68.57,Western Europe,Temperate
Germany,Cologne,158.2,162.2,162.6,152.95,163.2,163.44,166.1,167.46,164.8,165.64,156.2,153.85,152,148.36,150,153.56,148,142.7,145,2.53,3.79,1.2,3.3,62400,68.57,Western Europe,Temperate
Germany,Frankfurt,158.2,160.54,162.6,159.37,163.2,165.51,166.1,167.36,164.8,167.18,156.2,161.69,152,149.07,150,148.12,148,152.04,145,2.53,3.79,1.2,3.3,62400,68.57,Western Europe,Temperate
Germany,Hamburg,158.2,163.17,162.6,157.5,163.2,167.98,166.1,164.57,164.8,163.17,156.2,164.23,152,153.61,150,147.65,148,141.29,145,2.53,3.79,1.2,3.3,62400,68.57,Western Europe,Temperate
Germany,Munich,158.2,156.25,162.6,158.31,163.2,164.23,166.1,168.64,164.8,157.43,156.2,156.9,152,151.63,150,153.7,148,142.92,145,2.53,3.79,1.2,3.3,62400,68.57,Western Europe,Temperate
Hungary,Budapest,211.94,218.06,219.86,213.57,241.42,248.37,255.23,245.99,262.98,261.6,258.43,257.55,268.81,269.82,271.54,272.17,272.63,271.15,277.19,2.88,5.66,1.13,3.48,25000,68.15,Central Europe,Continental
Hungary,Debrecen,211.94,216.19,219.86,218.33,241.42,243.96,255.23,241.22,262.98,269.43,258.43,266.57,268.81,268.84,271.54,277.62,272.63,273.93,277.19,2.88,5.66,1.13,3.48,25000,68.15,Central Europe,Continental
Hungary,Miskolc,211.94,221.6,219.86,214.76,241.42,254.75,255.23,241.4,262.98,262.58,258.43,258.9,268.81,273.45,271.54,267.92,272.63,274.1,277.19,2.88,5.66,1.13,3.48,25000,68.15,Central Europe,Continental
Hungary,PÃ©cs,211.94,220.9,219.86,213.64,241.42,255.7,255.23,255.65,262.98,262.28,258.43,253.5,268.81,264.82,271.54,273.1,272.63,276.7,277.19,2.88,5.66,1.13,3.48,25000,68.15,Central Europe,Continental
Hungary,Szeged,211.94,213.89,219.86,217.19,241.42,240.27,255.23,240.06,262.98,255.31,258.43,253.91,268.81,272.78,271.54,275.29,272.63,280.33,277.19,2.88,5.66,1.13,3.48,25000,68.15,Central Europe,Continental
Ireland,Cork,148.81,149.54,155.1,151.11,159.07,164.25,161.89,160.37,166.47,163.93,168.41,163.98,167.16,165.9,166.3,170.93,168.79,174.62,173.69,2.84,6.06,1.38,3.29,50300,76.69,Western Europe,Temperate
Ireland,Dublin,148.81,151.44,155.1,151.62,159.07,161.03,161.89,160.79,166.47,168.36,168.41,170.57,167.16,169.55,166.3,168.61,168.79,174.19,173.69,2.84,6.06,1.38,3.29,50300,76.69,Western Europe,Temperate
Ireland,Galway,148.81,153.42,155.1,145.57,159.07,158.57,161.89,156.86,166.47,171.06,168.41,168.28,167.16,165.34,166.3,161.37,168.79,170,173.69,2.84,6.06,1.38,3.29,50300,76.69,Western Europe,Temperate
Ireland,Limerick,148.81,153.08,155.1,150.89,159.07,165.51,161.89,159.46,166.47,166.04,168.41,171.94,167.16,165.91,166.3,163.84,168.79,172.1,173.69,2.84,6.06,1.38,3.29,50300,76.69,Western Europe,Temperate
Ireland,Waterford,148.81,152.35,155.1,150.23,159.07,164.53,161.89,156.88,166.47,165.08,168.41,164.88,167.16,167.1,166.3,162.56,168.79,172.68,173.69,2.84,6.06,1.38,3.29,50300,76.69,Western Europe,Temperate
Italy,Milan,103.9,102.46,104,102.96,105.7,106.33,108.1,109.5,106.9,108.23,106.8,104.83,106.8,107.67,108.8,107.18,108.7,111.01,108.7,2.74,4.82,1.14,3.88,45000,73.81,Southern Europe,Mediterranean
Italy,Naples,103.9,104.97,104,104.1,105.7,109.67,108.1,105.8,106.9,104.97,106.8,106.58,106.8,109.41,108.8,106.78,108.7,104.6,108.7,2.74,4.82,1.14,3.88,45000,73.81,Southern Europe,Mediterranean
Italy,Chur,103.9,103.18,104,102.25,105.7,108.45,108.1,105.26,106.9,107.24,106.8,108.57,106.8,107.69,108.8,107.9,108.7,111.92,108.7,2.74,4.82,1.14,3.88,45000,73.81,Southern Europe,Mediterranean
Italy,Rome,103.9,104.29,104,102.04,105.7,107.93,108.1,108.18,106.9,105.84,106.8,105.18,106.8,107.01,108.8,106.43,108.7,109.26,108.7,2.74,4.82,1.14,3.88,45000,73.81,Southern Europe,Mediterranean
Italy,Lugano,103.9,109.13,104,106.12,105.7,104.01,108.1,107.2,106.9,107.41,106.8,104.99,106.8,111.76,108.8,104.86,108.7,110.26,108.7,2.74,4.82,1.14,3.88,45000,73.81,Southern Europe,Mediterranean
Latvia,Daugavpils,165.31,169.75,171.79,164.82,176.06,182.71,185.56,183.33,187.79,188.22,186.61,184.94,186.4,192.62,195.54,194.72,193.46,185.94,188.14,2.81,6.26,0.98,3.7,25000,68.14,Northern Europe,Continental
Latvia,Jelgava,165.31,163.89,171.79,167.53,176.06,182.17,185.56,186.84,187.79,186.18,186.61,178.84,186.4,191.15,195.54,189.89,193.46,186.5,188.14,2.81,6.26,0.98,3.7,25000,68.14,Northern Europe,Continental
Latvia,Jurmala,165.31,168.83,171.79,163.57,176.06,181.89,185.56,177.65,187.79,185.63,186.61,196.32,186.4,192.03,195.54,193.34,193.46,190.53,188.14,2.81,6.26,0.98,3.7,25000,68.14,Northern Europe,Continental
Latvia,Liepaja,165.31,168.7,171.79,165.73,176.06,182.67,185.56,180.54,187.79,184.37,186.61,189.54,186.4,189.69,195.54,188.83,193.46,197.83,188.14,2.81,6.26,0.98,3.7,25000,68.14,Northern Europe,Continental
Latvia,Riga,165.31,167.06,171.79,176.12,176.06,175.39,185.56,185.49,187.79,197.25,186.61,189.96,186.4,190.77,195.54,184.77,193.46,186.18,188.14,2.81,6.26,0.98,3.7,25000,68.14,Northern Europe,Continental
Lithuania,Kaunas,167.44,165.32,175.36,172.72,183.12,191.14,193.91,184.8,199.7,202.1,203.46,197.06,207.18,209.91,212.05,209.61,217.15,218.63,220.4,2.66,3.56,1.35,2.77,30000,68.62,Northern Europe,Continental
Lithuania,KlaipÄ—da,167.44,174.19,175.36,177.94,183.12,186.56,193.91,184.7,199.7,193.49,203.46,200.71,207.18,210.53,212.05,210.02,217.15,216.6,220.4,2.66,3.56,1.35,2.77,30000,68.62,Northern Europe,Continental
Lithuania,PanevÄ—Å¾ys,167.44,168.36,175.36,176,183.12,190.46,193.91,190.45,199.7,194.7,203.46,208.46,207.18,210.78,212.05,213.22,217.15,224.55,220.4,2.66,3.56,1.35,2.77,30000,68.62,Northern Europe,Continental
Lithuania,Vilnius,167.44,167.44,175.36,174.5,183.12,187.02,193.91,182.01,199.7,205.01,203.46,197.17,207.18,203.1,212.05,213.51,217.15,221.64,220.4,2.66,3.56,1.35,2.77,30000,68.62,Northern Europe,Continental
Lithuania,Å iauliai,167.44,173.44,175.36,169.42,183.12,186.16,193.91,189.26,199.7,201.78,203.46,202.72,207.18,209.27,212.05,213.35,217.15,214.02,220.4,2.66,3.56,1.35,2.77,30000,68.62,Northern Europe,Continental
Luxembourg,Differdange,173.22,174.73,179.48,180.52,184.34,183.96,188.4,181.25,192.3,188.42,189.35,189.97,181.2,177.41,177.25,182.08,165.52,160.56,161.96,2.06,5.58,1.29,3.1,85500,64.66,Western Europe,Temperate
Luxembourg,Dudelange,173.22,172.58,179.48,173.45,184.34,183.06,188.4,185.43,192.3,192.47,189.35,195.79,181.2,181.95,177.25,180.52,165.52,163.76,161.96,2.06,5.58,1.29,3.1,85500,64.66,Western Europe,Temperate
Luxembourg,Esch-sur-Alzette,173.22,178.77,179.48,179.48,184.34,192.83,188.4,189.69,192.3,194.39,189.35,189.1,181.2,187.7,177.25,178.62,165.52,159.2,161.96,2.06,5.58,1.29,3.1,85500,64.66,Western Europe,Temperate
Luxembourg,Ettelbruck,173.22,177.28,179.48,179.79,184.34,184.72,188.4,187.16,192.3,189.97,189.35,188.78,181.2,174.35,177.25,172.92,165.52,169.86,161.96,2.06,5.58,1.29,3.1,85500,64.66,Western Europe,Temperate
Luxembourg,Luxembourg City,173.22,174.54,179.48,178.31,184.34,180.98,188.4,188.37,192.3,193.05,189.35,186.34,181.2,180.81,177.25,180.04,165.52,166.51,161.96,2.06,5.58,1.29,3.1,85500,64.66,Western Europe,Temperate
Malta,Birkirkara,137.52,133.73,138.99,140.88,139.69,142.24,144.63,148.3,146.23,147.87,147.24,152.01,149.89,153.16,152.24,151.49,154.51,166.61,157.05,2.72,5.84,1.52,3.74,35000,73.75,Southern Europe,Mediterranean
Malta,Mosta,137.52,137.09,138.99,138.89,139.69,141.19,144.63,140.9,146.23,146.31,147.24,148.47,149.89,149.54,152.24,149.27,154.51,157.56,157.05,2.72,5.84,1.52,3.74,35000,73.75,Southern Europe,Mediterranean
Malta,Qormi,137.52,137.24,138.99,147.14,139.69,144.33,144.63,143.41,146.23,147.39,147.24,147.06,149.89,147.69,152.24,152.86,154.51,158.04,157.05,2.72,5.84,1.52,3.74,35000,73.75,Southern Europe,Mediterranean
Malta,Sliema,137.52,137.73,138.99,136.34,139.69,145.5,144.63,137.73,146.23,144.5,147.24,150.31,149.89,153.87,152.24,153.22,154.51,152,157.05,2.72,5.84,1.52,3.74,35000,73.75,Southern Europe,Mediterranean
Malta,Valletta,137.52,137.76,138.99,141.5,139.69,141.4,144.63,144.31,146.23,146.37,147.24,142.16,149.89,151.58,152.24,146.99,154.51,157.15,157.05,2.72,5.84,1.52,3.74,35000,73.75,Southern Europe,Mediterranean
Netherlands,Amsterdam,169.59,171.98,175.9,169.54,182.94,186.04,188.58,182.79,189.95,194.12,185.89,184.8,183.14,174.48,180.92,184.49,182.91,188.3,186.07,2.34,6.44,1.44,3.74,60000,65.9,Western Europe,Temperate
Netherlands,Biel,169.59,169.7,175.9,170.26,182.94,187.25,188.58,191.98,189.95,186.22,185.89,187.73,183.14,180.29,180.92,184.69,182.91,183.86,186.07,2.34,6.44,1.44,3.74,60000,65.9,Western Europe,Temperate
Netherlands,Thun,169.59,175.27,175.9,176.9,182.94,188.76,188.58,189.09,189.95,186.53,185.89,186.89,183.14,185.58,180.92,187.34,182.91,179.7,186.07,2.34,6.44,1.44,3.74,60000,65.9,Western Europe,Temperate
Netherlands,The Hague,169.59,171.7,175.9,171.67,182.94,190.24,188.58,185.56,189.95,188.35,185.89,186.56,183.14,180.58,180.92,179.45,182.91,183.4,186.07,2.34,6.44,1.44,3.74,60000,65.9,Western Europe,Temperate
Netherlands,Schaffhausen,169.59,169.72,175.9,178.54,182.94,181.2,188.58,179.54,189.95,184.34,185.89,188.47,183.14,178.55,180.92,178.67,182.91,187.72,186.07,2.34,6.44,1.44,3.74,60000,65.9,Western Europe,Temperate
Poland,KrakÃ³w,149.28,153.83,155.15,148.7,160.3,168.55,163.5,164.01,167.38,167.81,169.64,167.77,169.52,168.35,175,172.86,182.88,183.58,191.72,2.39,3.56,1.06,3.46,30000,72.66,Central Europe,Continental
Poland,PoznaÅ„,149.28,154.54,155.15,155.36,160.3,157.77,163.5,156.98,167.38,168.74,169.64,167.49,169.52,170.86,175,172.61,182.88,193.09,191.72,2.39,3.56,1.06,3.46,30000,72.66,Central Europe,Continental
Poland,Warsaw,149.28,144.12,155.15,148.89,160.3,157.78,163.5,156.61,167.38,166.43,169.64,169.29,169.52,170.57,175,174.69,182.88,183.92,191.72,2.39,3.56,1.06,3.46,30000,72.66,Central Europe,Continental
Poland,WrocÅ‚aw,149.28,150.77,155.15,151.66,160.3,162.77,163.5,162.83,167.38,170.4,169.64,172.83,169.52,173.49,175,169.6,182.88,195.8,191.72,2.39,3.56,1.06,3.46,30000,72.66,Central Europe,Continental
Poland,ÅÃ³dÅº,149.28,147.78,155.15,154.83,160.3,162.03,163.5,164.93,167.38,170.11,169.64,174.15,169.52,169.04,175,174.17,182.88,185.62,191.72,2.39,3.56,1.06,3.46,30000,72.66,Central Europe,Continental
Portugal,Amadora,171.3,175.01,175.96,176.67,182.64,188.34,188.31,180.51,193.82,198.12,195.91,192.41,198.55,198.46,204.74,203.88,208.48,215.92,211.27,3.01,4.27,1.05,3.8,30000,66.16,Southern Europe,Mediterranean
Portugal,Braga,171.3,170.36,175.96,174.11,182.64,189.09,188.31,186.21,193.82,193.96,195.91,192.66,198.55,201.86,204.74,203.62,208.48,209.12,211.27,3.01,4.27,1.05,3.8,30000,66.16,Southern Europe,Mediterranean
Portugal,Coimbra,171.3,177.45,175.96,169.07,182.64,186.61,188.31,183.94,193.82,195.46,195.91,193.73,198.55,194.43,204.74,211.5,208.48,203.32,211.27,3.01,4.27,1.05,3.8,30000,66.16,Southern Europe,Mediterranean
Portugal,Lisbon,171.3,173.5,175.96,171.93,182.64,188.77,188.31,183.51,193.82,188.58,195.91,191.78,198.55,200,204.74,202.2,208.48,207.87,211.27,3.01,4.27,1.05,3.8,30000,66.16,Southern Europe,Mediterranean
Portugal,Porto,171.3,174.27,175.96,178.18,182.64,188.18,188.31,190.74,193.82,196.21,195.91,196.03,198.55,210.66,204.74,206.23,208.48,208.49,211.27,3.01,4.27,1.05,3.8,30000,66.16,Southern Europe,Mediterranean
Romania,Bucharest,133.78,135.88,137.51,132.2,139.82,138.62,144.94,140.11,143.2,145.91,146.83,141.23,146.28,144.31,145.14,141.69,150.02,152.88,152.28,2.6,4.8,1.35,3.62,20000,73.31,Eastern Europe,Continental
Romania,Cluj-Napoca,133.78,134.58,137.51,131.52,139.82,140.04,144.94,140.07,143.2,144.41,146.83,138.71,146.28,144.76,145.14,146.86,150.02,156.42,152.28,2.6,4.8,1.35,3.62,20000,73.31,Eastern Europe,Continental
Romania,ConstanÈ›a,133.78,133.38,137.51,132.86,139.82,142.17,144.94,141.54,143.2,149.08,146.83,144.19,146.28,149.01,145.14,143.68,150.02,151.15,152.28,2.6,4.8,1.35,3.62,20000,73.31,Eastern Europe,Continental
Romania,IaÈ™i,133.78,134.72,137.51,128.65,139.82,143.35,144.94,144.45,143.2,144.55,146.83,146,146.28,146.39,145.14,146.21,150.02,153.31,152.28,2.6,4.8,1.35,3.62,20000,73.31,Eastern Europe,Continental
Romania,TimiÈ™oara,133.78,129.87,137.51,135.99,139.82,144.01,144.94,141.1,143.2,146.24,146.83,145.89,146.28,148.96,145.14,147.87,150.02,153.94,152.28,2.6,4.8,1.35,3.62,20000,73.31,Eastern Europe,Continental
Slovakia,Bratislava,157.59,162.98,163.21,159.64,166.42,169.83,175.57,171.72,180.57,185.45,179.07,180.93,178.82,176.7,171.75,170.36,173.2,174.36,176.56,2.98,6.17,1.43,3.23,30000,63.6,Central Europe,Continental
Slovakia,KoÅ¡ice,157.59,162.39,163.21,157.99,166.42,171.88,175.57,170.27,180.57,180.27,179.07,179.25,178.82,174.79,171.75,170.99,173.2,177.16,176.56,2.98,6.17,1.43,3.23,30000,63.6,Central Europe,Continental
Slovakia,Nitra,157.59,161.3,163.21,160.98,166.42,171.26,175.57,169.51,180.57,178.85,179.07,183.76,178.82,178.26,171.75,184.43,173.2,178.72,176.56,2.98,6.17,1.43,3.23,30000,63.6,Central Europe,Continental
Slovakia,PreÅ¡ov,157.59,158.89,163.21,156.48,166.42,170.96,175.57,170.96,180.57,176.33,179.07,178.64,178.82,175.5,171.75,173.96,173.2,177.88,176.56,2.98,6.17,1.43,3.23,30000,63.6,Central Europe,Continental
Slovakia,Å½ilina,157.59,158.07,163.21,160,166.42,174.42,175.57,169.54,180.57,179.85,179.07,183.75,178.82,174.63,171.75,173.13,173.2,175.37,176.56,2.98,6.17,1.43,3.23,30000,63.6,Central Europe,Continental
Slovenia,Celje,153.15,158.52,160.26,156.77,166.93,170.45,172.43,170.31,176.4,178.17,178.83,174.46,181.96,182.81,185.39,183.74,186.33,194.62,191.19,2.48,5.16,0.83,3.52,35000,77.52,Southern Europe,Continental
Slovenia,Kranj,153.15,158.12,160.26,156.63,166.93,176.06,172.43,168.6,176.4,177.68,178.83,180.83,181.96,188.07,185.39,180.74,186.33,186.46,191.19,2.48,5.16,0.83,3.52,35000,77.52,Southern Europe,Continental
Slovenia,Ljubljana,153.15,162.66,160.26,157.54,166.93,170.08,172.43,164.57,176.4,178.39,178.83,176.26,181.96,184.82,185.39,189.87,186.33,186.17,191.19,2.48,5.16,0.83,3.52,35000,77.52,Southern Europe,Continental
Slovenia,Maribor,153.15,158.04,160.26,158.33,166.93,167.59,172.43,168.55,176.4,183.38,178.83,175.37,181.96,180.24,185.39,187.29,186.33,186.98,191.19,2.48,5.16,0.83,3.52,35000,77.52,Southern Europe,Continental
Slovenia,Velenje,153.15,158.8,160.26,156.2,166.93,173.08,172.43,169.19,176.4,178.59,178.83,178.54,181.96,177.17,185.39,186.51,186.33,181.14,191.19,2.48,5.16,0.83,3.52,35000,77.52,Southern Europe,Continental
Spain,Barcelona,133.92,134.48,135.58,132.63,139.05,136.06,141.71,139.19,144.15,140.08,142.99,138.95,143.98,142.35,146.97,149.69,150.68,148.65,149.13,1.66,5.84,1.2,3.05,40000,68.09,Southern Europe,Mediterranean
Spain,Madrid,133.92,136.51,135.58,131.65,139.05,142.76,141.71,142.87,144.15,145.69,142.99,140.27,143.98,147.46,146.97,146.16,150.68,155.34,149.13,1.66,5.84,1.2,3.05,40000,68.09,Southern Europe,Mediterranean
Spain,Fribourg,133.92,132.86,135.58,140.1,139.05,141.15,141.71,139.3,144.15,139.62,142.99,147.39,143.98,143.29,146.97,142.54,150.68,146.8,149.13,1.66,5.84,1.2,3.05,40000,68.09,Southern Europe,Mediterranean
Spain,Neuchatel,133.92,130.14,135.58,132.16,139.05,134.97,141.71,136.81,144.15,144.59,142.99,141.83,143.98,147.16,146.97,144.45,150.68,154.56,149.13,1.66,5.84,1.2,3.05,40000,68.09,Southern Europe,Mediterranean
Sweden,Gothenburg,136.89,137.3,138.62,141.06,142.19,139.43,142.86,141.82,138.46,137.3,133.49,137.45,132.37,133.7,133.15,132.78,132.61,136.63,129.59,2.48,2.94,1.55,3.29,55000,67.06,Northern Europe,Continental
Sweden,MalmÃ¶,136.89,134.55,138.62,144.53,142.19,141.15,142.86,141.93,138.46,133.98,133.49,135.1,132.37,134.69,133.15,136.61,132.61,132.91,129.59,2.48,2.94,1.55,3.29,55000,67.06,Northern Europe,Continental
Sweden,Stockholm,136.89,138.77,138.62,135.62,142.19,142.23,142.86,142.08,138.46,135.51,133.49,132.07,132.37,132.75,133.15,131.64,132.61,128.43,129.59,2.48,2.94,1.55,3.29,55000,67.06,Northern Europe,Continental
Sweden,Uppsala,136.89,137.43,138.62,137.43,142.19,139.72,142.86,144.82,138.46,137.51,133.49,137.04,132.37,130.37,133.15,134.52,132.61,134.72,129.59,2.48,2.94,1.55,3.29,55000,67.06,Northern Europe,Continental
Sweden,VÃ¤sterÃ¥s,136.89,136.34,138.62,140.92,142.19,143.77,142.86,138.36,138.46,135.58,133.49,135.87,132.37,135.49,133.15,132.72,132.61,134.57,129.59,2.48,2.94,1.55,3.29,55000,67.06,Northern Europe,Continental
Sweden,Bellinzona,136.16,140.47,138.84,134.27,144.27,144.5,141.74,143.47,139.91,134.99,133.98,132.65,133.29,131.39,133.07,132.15,131.29,129.41,129.83,2.46,2.93,1.53,3.28,55000,67.09,Northern Europe,Continental
Lithuania,Aarau,167.96,176.9,177.15,173.87,184.31,187.38,194.71,186.33,198.26,196.41,204.38,201.56,207.91,213.29,214.65,211.6,214.59,213.18,222.98,2.63,3.6,1.35,2.78,30000,68.39,Northern Europe,Continental
Spain,Solothurn,133.24,128.23,134.38,133.47,137.96,136.82,141.74,135.39,141.92,144.53,141.93,142.29,143.89,147.33,145.69,143.11,151.42,154.91,147.51,1.69,5.95,1.21,3.04,40000,67.9,Southern Europe,Mediterranean
Finland,Liestal,112.22,108.61,113.17,109.32,112.68,113.94,114.23,110.94,111.54,105.89,106.84,106.97,107.15,107.88,108.22,107.66,102.66,107.13,104.21,2.11,3.89,0.83,3.53,55000,70.9,Northern Europe,Continental
Netherlands,Maastricht,168.32,176.46,172.28,174.52,182.16,189.38,187.68,186.96,190.76,186.98,182.99,188.47,180.91,184.68,182.13,189.96,181.75,178.39,184.97,2.33,6.5,1.45,3.69,60000,66.01,Western Europe,Temperate
Belgium,Uster,129.24,127.43,128.97,127.71,130.35,131.38,133.07,131.28,135.95,135.35,136.87,139.33,135.36,137.54,132.21,129.93,138.7,134.26,138.7,2.57,5.41,1.2,3.04,60000,69.45,Western Europe,Temperate
Czechia,Bari,193.63,195.29,201.77,200.11,210.25,215.01,215.69,216.22,218.72,212.06,219.51,216.34,211.37,218.69,210.63,215.08,213.28,206.99,214.34,2.98,4.39,0.73,3.84,35000,66.15,Central Europe,Continental
Portugal,Krems,171.72,170.83,176.02,172.12,183.08,188,186.4,186.59,193.38,196.69,194.87,192.93,197.69,204.93,205.48,204.19,206.63,207.96,212.01,2.97,4.35,1.04,3.85,30000,66.11,Southern Europe,Mediterranean
Germany,Genoa,157.28,160.15,162.74,153.51,159.91,165.5,165.79,168.87,167.47,165.12,157.16,152.77,152.5,146.78,150.28,154.39,145.57,143,144.35,2.49,3.8,1.2,3.36,62400,67.69,Western Europe,Temperate
Lithuania,Villach,164.76,173.12,176.18,171.53,183.45,185.72,194.58,188.48,198.45,203.94,203.11,203.16,206.16,207.81,209.83,209.18,215,214.02,222.03,2.66,3.56,1.35,2.79,30000,69.6,Northern Europe,Continental
Denmark,Bologna,139.99,142.51,140.68,139.72,140.57,143.85,143.04,141.27,143.7,142.22,142.22,143.78,132.88,127.59,135.9,135.5,138.94,140.66,140,2.08,3.43,1.28,3.46,65000,68.54,Northern Europe,Temperate
Poland,Verona,149.81,145.36,154.33,150.54,159.76,157.77,165.7,157.3,168.58,165.84,171.09,166.52,168.93,171.84,172.56,176.68,182.66,179.93,191.42,2.39,3.53,1.06,3.47,30000,72.05,Central Europe,Continental
Austria,Padua,153.02,154.74,155.31,160.79,166.41,174.82,167.99,167.47,175.51,166.26,164.11,166.15,166.83,161.48,165.27,168.29,164.7,160.23,164.41,2.17,6.66,1.17,2.72,55000,76.27,Central Europe,Continental
Germany,Venice,158.4,162.97,158.85,158.48,163.31,163.49,162.95,164.99,163.01,159.97,154.48,159.71,155.08,152.45,146.69,147.72,150.07,140.94,145.8,2.52,3.82,1.21,3.26,62400,68.79,Western Europe,Temperate
Slovakia,Toulon,155.49,161.14,162.86,156.43,167.32,168.26,174.11,170.91,181.31,187.39,177.4,181.67,178.27,178.21,169.96,172.04,177.26,174.51,175.86,3,6.16,1.43,3.2,30000,63.55,Central Europe,Continental
Romania,Dornbirn,135.92,135.26,138.96,126.34,139.3,144.08,145.62,143.89,141.42,143.33,149.71,146.2,145.95,148.14,142.45,147.87,151.92,151.31,149.94,2.6,4.78,1.35,3.61,20000,72.95,Eastern Europe,Continental
Romania,Bordeaux,133.44,132.69,137.71,133.15,141.6,141.73,144.16,139.94,144.86,147.21,149.7,137.55,143.62,143.07,143.52,147.22,150.75,158.23,154.17,2.59,4.78,1.37,3.57,20000,73.37,Eastern Europe,Continental
Lithuania,Lille,166.62,173.95,175.26,169.74,181.17,185.27,193.12,186.53,198.76,200.46,206.42,201.57,209.24,207.63,215.17,212.13,218.27,211.1,214.88,2.66,3.59,1.35,2.76,30000,69.55,Northern Europe,Continental
Hungary,Klosterneuburg,213.72,216.5,226.34,213.85,246.46,256.12,251.61,253.44,265.64,265.7,259.02,254.65,270.14,265.9,267.78,272.03,272.17,274.02,274.84,2.87,5.67,1.14,3.5,25000,67.87,Central Europe,Continental
Netherlands,Wels,167.95,167.22,176.8,168.5,179.66,184.01,187.62,185.47,190.34,197.37,184.65,184.13,184.89,172.75,180.43,183.71,184.14,189.09,185.09,2.33,6.47,1.41,3.75,60000,65.69,Western Europe,Temperate
Spain,Baden,135.38,126.46,134.19,132.47,138.45,134.9,141.84,135.18,142.52,144.24,143.63,142.38,143.25,148.01,148.99,146.3,149.48,154.86,146.01,1.69,5.83,1.19,3.06,40000,68.46,Southern Europe,Mediterranean
France,Traun,126.65,122.82,129.54,122.67,129.12,132.01,130.63,125.07,135.85,133.92,132.26,131.93,131.97,130.4,132.44,131.04,130.37,134.53,129.51,3.45,4.53,0.97,3.77,50000,66.55,Western Europe,Temperate
Sweden,Lustenau,136.99,140.66,138.96,137.15,142.13,141.01,142.66,141.57,137.58,137.35,132.44,131.32,134.57,132.52,131.68,133.32,131.09,128.38,129.33,2.49,2.96,1.55,3.26,55000,67.27,Northern Europe,Continental
Netherlands,Bilbao,169.87,171.35,176.65,172.67,184.93,188.6,190.73,185.98,188.89,185.27,184.49,188.19,179.4,179.41,181.23,179.96,176.63,182.08,188.03,2.37,6.46,1.44,3.77,60000,66.15,Western Europe,Temperate
Poland,Malaga,149.13,146.88,155.04,153.04,159.44,161.43,161.78,166.07,166.38,168.43,170.09,173.99,168.7,167.56,171.06,173.32,186.2,185.53,190.24,2.32,3.56,1.06,3.43,30000,73.34,Central Europe,Continental
Hungary,Las Palmas,213.76,219.65,222.71,211.98,240.39,251.68,256.9,237.44,256.75,262,257.56,258.96,268.59,270.74,271.49,266.42,273.87,272.05,280.53,2.87,5.67,1.13,3.44,25000,68.47,Central Europe,Continental
Slovakia,MÃ¶dling,158.56,163.98,162.65,160.39,164.57,169.27,176.92,171.8,181.26,183.11,177.94,179.96,175.6,177.8,171.27,170.7,177.42,175.29,175.48,2.99,6.24,1.42,3.24,30000,62.97,Central Europe,Continental
Slovakia,Wolfsberg,160.2,163.79,165.66,160.14,167.05,170.4,175.66,171.02,182.02,184.87,180.62,177.08,177.15,177.62,171.39,172.55,172.38,178.03,177.84,2.99,6.07,1.46,3.22,30000,63.02,Central Europe,Continental
Ireland,Florence,151.77,153.51,153.78,148.32,159.89,167.96,160.11,155.06,164.76,165.55,167.71,166.51,165.17,168.74,168.99,161.29,169.01,173.56,174.63,2.81,6.11,1.41,3.26,50300,75.25,Western Europe,Temperate
Austria,Perugia,153.04,152.83,155.78,158.78,162.97,170.09,168.59,170.45,173.87,169.41,163.22,167.95,165.05,169.69,167.53,165.43,161.66,159.38,162.14,2.16,6.72,1.16,2.68,55000,74.21,Central Europe,Continental
Bulgaria,Catania,148.59,154.42,153.07,150.13,163.19,162.25,167.22,161.57,176.32,169.65,174.46,175.3,179.01,185.45,185.52,177.72,191.99,192.26,190.68,3.31,6.15,0.96,3.55,20000,67.63,Eastern Europe,Continental
Lithuania,Messina,166.39,164.59,175.06,176.4,179.55,184.81,194.93,181.8,202.79,209.39,207.71,193.48,205.54,203.79,212.38,215.55,218.17,224.82,220.06,2.63,3.51,1.34,2.77,30000,68.85,Northern Europe,Continental
France,Cagliari,127.76,129.68,129.5,123.97,128.18,131.5,133.16,133.23,132.8,131.87,134.24,140.17,129.85,134.84,132.03,136.51,134.04,126.25,129.81,3.42,4.46,0.96,3.76,50000,64.87,Western Europe,Temperate
Croatia,Trieste,142.52,141.16,145.84,137.62,150.58,148.46,155.3,155.9,161.29,166.76,168.46,169.76,173.21,178.95,178.31,172.31,178.53,189.66,186.45,2.42,6.23,1.16,3.73,25000,79.53,Southern Europe,Mediterranean
Germany,Lecce,158.06,165.18,162.21,153.75,161.52,163.05,165.18,166.18,163.53,162.38,155.85,156.66,152.55,147.53,148.84,153.7,147.86,143.67,142.77,2.56,3.78,1.2,3.33,62400,69,Western Europe,Temperate
Finland,Modena,110.82,113.44,109.86,105.52,111.96,111.13,114.58,111.72,112.54,112.78,109.15,105.5,107.21,105.54,110.16,106.64,104.72,104.14,101.27,2.05,3.83,0.83,3.59,55000,70.13,Northern Europe,Continental
Luxembourg,Sassari,171.8,178.69,178.15,180.52,184.53,192.44,188.01,193.36,192.17,193.78,185.53,190.04,182.6,184.09,176.44,179.36,167.66,157.15,160.99,2.08,5.66,1.28,3.1,85500,64.27,Western Europe,Temperate
Slovakia,Ancona,158.45,161.57,162.16,158.22,164.38,171.28,175.24,173.36,185.1,186.52,177.87,183,179.1,176.46,170.65,169.51,172.01,174.14,176.97,2.96,6.24,1.43,3.23,30000,64.54,Central Europe,Continental
Spain,Rimini,133.65,135.76,135.57,129.54,139.35,140.6,142.76,140.08,145.59,137.98,144.8,143.93,142.78,152.23,147.27,149.44,154.48,142.31,148.69,1.67,5.85,1.21,3.11,40000,68.68,Southern Europe,Mediterranean
Austria,Taranto,152.98,155.77,152.46,160.74,161.32,169.33,170.71,172.84,172.67,168.46,165.74,171.98,163.76,164.42,166.88,160.01,162.95,158.45,161.76,2.17,6.7,1.18,2.71,55000,76.92,Central Europe,Continental
Finland,Bolzano,111.95,113.52,109.75,107.79,112.64,111.1,114.18,109.67,114.46,114.76,109.54,107.97,106.99,106.48,106.21,104.52,105.19,104.14,103.39,2.08,3.85,0.83,3.5,55000,69.8,Northern Europe,Continental
Austria,Brescia,153.17,155.18,158.83,159.1,163.95,173.7,166.84,165.98,175.09,166.4,168.35,164.5,166.2,164.29,165.24,167.49,164.11,163.2,161.48,2.16,6.73,1.16,2.7,55000,74.7,Central Europe,Continental
Latvia,Pescara,166.32,168.2,170.55,175.62,179.61,174.04,184.96,187.71,184.77,197.73,183.67,189.86,186.14,191.46,196.56,182.53,193.39,187.88,190.75,2.79,6.26,0.97,3.67,25000,67.4,Northern Europe,Continental
Denmark,Parma,142.13,140.11,139.19,139.02,139.97,145.06,144.22,139.98,144.86,144.79,141.57,143.92,137.33,131.63,134.06,135.98,137.64,142.45,139.2,2.07,3.49,1.26,3.49,65000,67.07,Northern Europe,Temperate
Denmark,Augsburg,139.77,140.24,143.04,137.15,143.36,140.88,142.72,140.33,145.05,147.28,142.37,146.07,135.98,139.72,137.47,133.68,138.74,140.68,139.33,2.1,3.5,1.27,3.54,65000,67.81,Northern Europe,Temperate
Latvia,Leipzig,163.54,172,172.14,166.59,178.85,180.87,181.26,182.31,186.62,188.8,187.57,183.14,183.25,193.41,195.15,197.3,194.87,187.7,186.9,2.82,6.21,0.99,3.73,25000,67.73,Northern Europe,Continental
France,Dortmund,127.95,120.21,125.65,126.78,128.23,126.79,129.86,125.26,133.59,131.33,133.37,134.81,132,130.06,133.55,131.62,133.2,130.24,129.28,3.43,4.4,0.95,3.71,50000,65.41,Western Europe,Temperate
Spain,Bremen,134.38,136.88,132.81,133.01,137.77,142.79,140.86,141.45,145.49,140.83,143.34,143.26,144.95,147.65,149.02,144.93,150.89,144.12,147.9,1.64,5.87,1.17,3.08,40000,68.17,Southern Europe,Mediterranean
Netherlands,Hanover,170.02,174.48,173.87,173.81,182.67,189.25,189.79,191.03,185.81,183.66,184.91,190.39,183.48,187.42,179.3,189.11,180.08,183.73,187.58,2.33,6.59,1.45,3.7,60000,65.93,Western Europe,Temperate
Finland,Dresden,112.27,109.42,111.33,111.8,112.29,108.65,113.89,113.1,114.01,109.6,108.1,118.12,106.99,107.98,107.55,107.86,104.34,102.81,102.47,2.1,3.92,0.82,3.5,55000,71.26,Northern Europe,Continental
Portugal,Kassel,168.36,175.65,173.9,171.4,181.73,185.63,186.24,183.65,195.62,189.08,193.1,188.02,197.02,200.62,204.19,200.76,209.31,207.98,212.26,3.07,4.24,1.06,3.79,30000,66.05,Southern Europe,Mediterranean
France,Mainz,127.44,127.96,128.76,126.22,129.67,125.65,130.28,127.31,134.87,129.24,131.55,140.38,132.94,128.05,132.53,131.16,132.44,131.54,130.07,3.44,4.55,0.97,3.78,50000,66.46,Western Europe,Temperate
Estonia,Koblenz,153.25,154.73,165.37,159.99,177.11,174.81,189.69,172.55,191.77,194.59,192.66,190.37,189.14,200.62,198.97,203.47,195.18,204.6,202.35,2.32,4.05,0.99,3.54,30000,68.24,Northern Europe,Continental
Germany,Regensburg,158.71,162.51,160.71,151.34,164.95,166.23,166.75,171.02,166.42,167.17,155.87,151.94,150.48,145.46,150.5,152.57,147.49,145.7,145.25,2.49,3.8,1.2,3.34,62400,68.81,Western Europe,Temperate
Portugal,MÃ¼nster,168.62,175.09,175.4,177.97,186.08,191.47,187.65,192.73,195.15,195.5,197.07,196.17,196.97,209.88,204,208.28,207.32,208,209.46,3.03,4.25,1.05,3.82,30000,67.15,Southern Europe,Mediterranean
Portugal,Nuremberg,172.92,170.04,171.63,172.53,185.03,186.37,187.75,183.94,191.5,191.34,197.1,188.89,201.95,202.97,205.82,205.77,204.83,210.34,209.63,2.98,4.23,1.08,3.82,30000,65.82,Southern Europe,Mediterranean
Belgium,Alicante,127.29,127,130.15,125.92,128.7,130.74,133.62,131.39,136.26,137.06,135.15,136.82,135.42,128.95,135.6,132.95,137.66,141.25,137.39,2.64,5.43,1.2,3,60000,69.88,Western Europe,Temperate
Malta,Steyr,135.02,132.6,139.16,140.38,140.22,143.74,145.56,146.41,148.16,148.79,147.82,150.67,150.63,151.76,153.87,149.57,153.14,167.42,154.47,2.69,5.81,1.5,3.67,35000,72.93,Southern Europe,Mediterranean
Poland,Cordoba,150.44,154.57,157.14,156.67,162.4,157.62,165.07,157.98,166.53,169.61,170.54,168.76,172.69,171.71,171.59,171.43,183.14,192.3,192.48,2.41,3.56,1.06,3.44,30000,71.95,Central Europe,Continental
Denmark,Granada,139.96,139.97,139.47,139.35,141.18,139.09,143.95,141.53,147.84,147.15,142.12,144.66,135.05,138.93,134.73,135.23,138.17,140.01,140.74,2.1,3.48,1.27,3.53,65000,68.92,Northern Europe,Temperate
Finland,San Sebastian,109.45,111.94,112.68,112.07,114.01,110.89,113.64,112.84,111.29,111.36,107.07,110.55,105.31,108.45,109.1,104.99,104.39,102.1,102.39,2.06,3.87,0.83,3.51,55000,71.04,Northern Europe,Continental
Slovenia,Pamplona,152.32,160.21,160.81,158.98,166.05,169.57,173.57,167.25,177.47,180.07,178.2,176.8,180.18,179.18,182.97,189.17,184.9,184.24,191.11,2.47,5.22,0.83,3.52,35000,78.03,Southern Europe,Continental
Luxembourg,Badajoz,176.27,170.76,180.1,172.21,187.07,181.07,185.79,187.65,191.25,192.2,189.15,194.48,182.31,181.67,177.9,179.82,166.31,160.62,161.17,2.05,5.64,1.3,3.05,85500,64.16,Western Europe,Temperate
France,Leon,126.09,123.33,125.78,123.84,126.28,131.02,129.55,128.6,133.78,135.34,132.38,131.89,130.79,134.05,133.48,134.03,134.77,132.18,128.38,3.4,4.47,0.97,3.72,50000,67.24,Western Europe,Temperate
Slovenia,Valladolid,152.45,158.95,158.11,158.08,164.3,170.67,172.5,169.46,172.66,177.94,179.5,179.21,179.51,176.33,186.96,188.61,185.8,181.65,190.06,2.47,5.12,0.81,3.56,35000,78.05,Southern Europe,Continental
Austria,Oviedo,158.99,155.93,156.49,156.61,165.88,167.49,169.4,168.28,176.44,165.87,168.14,170.06,164.51,168.42,165.64,163.24,165.85,163.08,163.64,2.14,6.82,1.17,2.74,55000,76.17,Central Europe,Continental
Spain,Gijon,133.01,132.01,135.93,139.51,139.18,141.68,140.04,138.38,143.94,142.14,143.73,148.07,142.47,145.24,147.87,144.84,149.64,147.91,151.05,1.67,5.77,1.19,3.04,40000,67.88,Southern Europe,Mediterranean
Germany,Hamburg,157.09,161.88,163.06,160.03,162.18,165.47,165.95,168.05,163.58,168.13,159.5,160.74,150.14,146.33,149.23,148.36,147.96,151.8,143.23,2.51,3.87,1.2,3.31,62400,67.58,Western Europe,Temperate
Netherlands,Rotterdam,166.4,171.79,175.25,167.6,180.25,189.39,187.72,186.13,188.33,188.03,183.9,188.55,181.76,178.93,182.46,179.23,180.98,186.97,187.74,2.36,6.45,1.42,3.77,60000,66.1,Western Europe,Temperate
Czechia,Brno,187.81,192.26,198.54,190.34,208.5,228.07,223.43,222.36,222.71,214.94,213.73,215.62,210.23,210.59,211.61,201,210.73,211.94,212,2.98,4.36,0.74,3.82,35000,66.7,Central Europe,Continental
France,Marseille,125.26,119.98,126.13,127.3,129.77,128.92,127.67,123.78,134.89,132.51,132.87,134.89,131.22,126.84,130.88,131.74,132.9,128.7,130.67,3.46,4.48,0.97,3.73,50000,66.31,Western Europe,Temperate
Ireland,Cork,152.32,150.94,153.02,151.78,160.39,161.82,164.99,159.84,166.07,166.51,169.2,169.51,167.04,168.77,168.34,167.78,169.36,174.41,174.82,2.87,6.05,1.39,3.29,50300,77.73,Western Europe,Temperate
Ireland,Limerick,148.7,154,157.31,150.05,157.7,166.74,160.43,160.88,165.67,166.32,167.48,172.96,167.16,163.45,166.97,163.38,170.77,171.7,174.71,2.82,6.04,1.36,3.27,50300,77.03,Western Europe,Temperate
Croatia,Split,140.12,145.74,145.37,139.74,154.47,160.32,157.53,154.56,157.23,160.82,168.92,165.72,172.87,177.29,181.71,175.7,180.53,175.81,184.1,2.41,6.24,1.16,3.68,25000,76.85,Southern Europe,Mediterranean
Germany,Munich,159.78,158.04,165.87,160.06,162.64,165.91,162.05,170.85,164.95,169.1,152.77,161.54,150.91,149.87,146.87,145.28,149.29,150.92,145.85,2.52,3.76,1.21,3.31,62400,70.12,Western Europe,Temperate
Croatia,Rijeka,141.81,145.95,144.73,144.96,150.97,153.77,158.67,159.41,159.37,171.98,168.69,172.73,173.14,179.07,180.27,171.94,183.94,182.45,186.98,2.4,6.19,1.18,3.68,25000,78.21,Southern Europe,Mediterranean
Denmark,Aarhus,138.84,140.83,139.98,137.85,141.15,137.64,142.61,144.37,145.62,146.1,141.78,145.36,134.83,137.7,134.88,134.93,138.94,136.87,141.18,2.05,3.48,1.27,3.55,65000,67.5,Northern Europe,Temperate
Ireland,Galway,150.71,152.42,157.47,150.01,159.78,163.88,160.2,154.5,170.75,167.26,170.97,162.3,166.98,165.72,167.84,161.31,165.43,173.94,173.17,2.89,6.18,1.4,3.3,50300,76.89,Western Europe,Temperate
Italy,Milan,104.66,107.4,103.15,105.45,105.86,104.96,107.28,105.44,107.9,108.49,106.86,104.92,109.15,110.31,108.62,105.05,109.37,110.1,107.64,2.75,4.83,1.14,3.85,45000,73.5,Southern Europe,Mediterranean
Finland,Espoo,110.65,108.05,110.26,110.29,111.14,112.18,113.75,110.16,110.86,109.71,107.71,106.78,104.66,107.48,106.59,107.15,104.63,106.05,102.79,2.07,3.88,0.83,3.52,55000,70.39,Northern Europe,Continental
Belgium,Antwerp,127.21,126.42,127.06,127.67,127.81,129.87,131.91,132.42,135.76,136.78,132.55,138.11,134.66,137.24,131.04,129.15,136.92,134.67,138.79,2.64,5.35,1.19,2.95,60000,69.19,Western Europe,Temperate
Estonia,Tartu,150.52,152.52,168.31,150.19,175.76,182.3,186.14,184.29,193.73,183.64,189.58,192.63,187.14,196.32,200.52,197.02,198.79,205.17,204.43,2.3,4.05,0.99,3.51,30000,69.74,Northern Europe,Continental
France,Lyon,125.45,123.77,128.68,125.38,128.75,130.05,129.93,129.45,134.14,131.36,134.11,132.15,134.27,134.05,134.26,133.95,132.53,132.89,128.81,3.44,4.49,0.94,3.71,50000,66.79,Western Europe,Temperate
Latvia,Daugavpils,164.98,167.49,169.89,161.75,174.95,180.79,184.33,175.49,187.33,182.79,188.32,194.58,188.84,192.24,195.53,190.95,194.96,191.45,189.25,2.78,6.2,0.98,3.71,25000,67.26,Northern Europe,Continental
Belgium,Ghent,128.3,127.2,129.38,123.28,129.71,132.84,129.92,133.01,137.89,137.65,135.48,136.38,137.22,129.38,133.41,132.53,137.98,141.87,139.79,2.57,5.43,1.23,3.03,60000,69.59,Western Europe,Temperate
Hungary,Debrecen,210.16,215.72,216.09,214.91,239.4,238.89,254.08,245.03,263.4,260.44,257.4,253.1,266.18,272.55,268.2,269.22,271.52,285.21,275.37,2.87,5.75,1.13,3.52,25000,67.08,Central Europe,Continental
Germany,Cologne,157.52,155.27,162.83,159.45,161.38,162.7,166.15,169.15,167.3,158.66,158.81,159,151.12,155.32,152.35,151.98,148.83,140.66,142.36,2.52,3.83,1.19,3.3,62400,69.49,Western Europe,Temperate
Denmark,Odense,142.26,143.31,142.68,136.37,140.47,137.22,145.39,141.78,144.16,145.45,141.46,143.21,134.43,136.89,134.57,134.31,136.45,138.5,139.32,2.06,3.49,1.28,3.53,65000,68.14,Northern Europe,Temperate
Germany,Frankfurt,154.44,155.13,160.57,158.98,164.2,166.39,166.8,170,163.59,155.53,153.74,158.32,154.84,150.9,150.23,151.43,148.99,142.97,145.17,2.49,3.86,1.19,3.36,62400,70.26,Western Europe,Temperate
Romania,Cluj-Napoca,135.1,135.71,138.39,132.81,139.99,140.97,143.89,140.88,143.16,143.92,144.59,138.62,148.63,146.46,144.5,140.01,149.6,150.51,155.2,2.6,4.85,1.36,3.64,20000,73.01,Eastern Europe,Continental
Cyprus,Limassol,106.83,105.54,102.63,101.83,105.95,102.41,106.34,105.57,110.95,106.92,108.31,105.46,109.61,108,111.25,106.64,109.46,105.26,110.09,3.44,4.26,1.33,3.48,30000,67.18,Southern Europe,Mediterranean
Portugal,Porto,174.9,171.89,173.43,174.8,182.64,188.46,190.5,194.53,193.81,199.62,195.81,196.48,198.95,212.31,203.93,212.44,208.84,209.79,213.86,3.02,4.28,1.04,3.81,30000,65.4,Southern Europe,Mediterranean
Portugal,Braga,170.5,174.91,177.1,177.56,180.28,189.01,186.76,191.46,192.44,195.59,197.85,198.58,193.82,208.44,205.68,202.58,208.77,207.8,210.42,2.98,4.35,1.06,3.77,30000,66.1,Southern Europe,Mediterranean
Czechia,Ostrava,192.47,188.45,200.92,190.48,210.19,223.15,216.5,219.76,219.57,213.03,216.33,217.65,208.96,212.73,212.76,202.98,211.5,217.08,211.3,2.93,4.33,0.73,3.79,35000,66.31,Central Europe,Continental
Denmark,Aalborg,139.66,141.45,141.82,141.55,143.6,145,144.08,141.98,142.56,143.75,141.1,143.92,136.02,130.35,135.16,135.58,138.29,141.48,139.47,2.06,3.53,1.25,3.49,65000,69.48,Northern Europe,Temperate
Bulgaria,Plovdiv,152.27,153.76,155.98,154.52,163.1,163.06,166.86,162.28,173.55,177,173.6,178.26,181.35,176.84,189.91,176.39,192.32,189.56,194.84,3.33,6.07,0.95,3.55,20000,66.37,Eastern Europe,Continental
Cyprus,Larnaca,105.6,101.04,104.69,105.64,104.79,108.2,105.84,103.44,109.82,105.69,108.41,107.88,109.01,105.11,112.5,112.04,111.17,107.81,110.38,3.49,4.39,1.32,3.49,30000,68.13,Southern Europe,Mediterranean
Denmark,Esbjerg,140.26,137.85,140.73,137.72,140.84,139.05,143.83,143.87,146.6,142.39,139.47,144.88,134.83,131.74,134.35,130.89,137.15,138.81,138.8,2.05,3.52,1.26,3.53,65000,68.44,Northern Europe,Temperate
Slovakia,Kosice,162.43,162.37,162.67,159.44,168.36,169.71,175.9,171.07,183.61,187.35,176.42,180.28,181.66,175.44,170.95,170.9,175.03,174.18,177.16,2.98,6.26,1.43,3.19,30000,61.98,Central Europe,Continental
Spain,Barcelona,133.42,136.49,137.41,130.47,138.15,139.74,140.92,139.87,145.1,140.74,144.04,145.74,144.57,151.89,147.24,147.85,151.61,146.75,149.12,1.7,5.9,1.2,3.03,40000,68.17,Southern Europe,Mediterranean
Poland,Krakow,150.03,152.22,154.41,150.64,163.64,163.14,162.28,161.97,167.91,168.91,175.39,172.09,170.94,175.62,177.27,166.89,182.24,195.91,192.9,2.41,3.51,1.06,3.49,30000,73.49,Central Europe,Continental
Slovakia,Presov,159.47,157.96,163.62,161.41,167.8,168.64,173.01,172,178.6,179.14,175.91,182.34,177.13,179.97,169.88,184.15,175.15,178.57,176.51,3.03,6.12,1.44,3.28,30000,64.39,Central Europe,Continental
Sweden,Gothenburg,137.08,134.15,137.24,143.91,141.88,141.26,141.53,142.34,137.18,132.2,132.36,135.53,130.05,137.24,132.72,135.62,134.85,133.38,130.18,2.51,2.92,1.53,3.28,55000,66.83,Northern Europe,Continental
Latvia,Liepaja,166.36,169.17,173.21,164.78,174.69,179.64,185.1,174.66,187.01,181.99,186.46,197.67,186.03,188.54,193.94,190.79,192.9,189.06,188.07,2.79,6.1,0.98,3.67,25000,67.15,Northern Europe,Continental
Ireland,Waterford,148.42,154.28,154.85,149.85,156.51,166.59,164.04,158.81,167.53,165.72,167.64,174.22,166.27,164.05,168.44,165.35,168.14,173.5,172.6,2.86,6.06,1.38,3.28,50300,77.39,Western Europe,Temperate
Hungary,Szeged,209.09,215.45,220.05,218.87,240.81,241.45,258.24,240.69,265.78,252.66,260.36,251.65,268.33,272.61,275.71,280.96,271.56,278.16,277.73,2.84,5.61,1.13,3.45,25000,67.99,Central Europe,Continental
Croatia,Osijek,142.1,137.14,145.64,145.25,151.7,159.68,156.55,154.38,163.64,166.4,169.09,170.46,174.03,170.09,178.24,176.94,182.49,186.93,185.48,2.39,6.37,1.21,3.78,25000,77.89,Southern Europe,Mediterranean
Bulgaria,Varna,152.31,156.16,152.8,151.72,160.99,163.01,168.42,160.56,171.31,173.67,175.17,176.53,176.33,184.05,187.46,179.41,190.08,196.68,191.34,3.32,5.9,0.95,3.55,20000,68.03,Eastern Europe,Continental
Netherlands,The Hague,171.89,170.13,178.05,168.86,182.21,184.19,189.91,186.23,189.79,184.9,189.98,188.95,183.29,181.04,177.83,181.78,180.68,181.16,184.8,2.36,6.34,1.44,3.74,60000,65.92,Western Europe,Temperate
Austria,Linz,153.91,155.9,157.13,159.18,167.78,168.12,169.57,169.33,171.34,175.3,168.91,169.76,162.52,165.91,164.63,162.6,163.61,156.87,162.29,2.18,6.65,1.17,2.76,55000,75.55,Central Europe,Continental
Czechia,Plzen,191.31,195.1,203.09,197.65,211.54,212.11,216.6,216.69,218.49,218.43,216.85,217.85,210.21,213.91,210.21,212.12,214.06,222.23,211.45,2.92,4.36,0.72,3.84,35000,67.72,Central Europe,Continental
France,Toulouse,126.24,129.67,129.31,123.42,130.44,130.54,131.66,133.22,134.17,132.14,134.31,139.58,133.49,135.15,132.4,136.07,131.68,126.71,129.86,3.46,4.44,0.96,3.69,50000,66.25,Western Europe,Temperate
France,Nice,125.68,128.98,127.65,128.95,128.44,125.51,130.51,127.66,135.42,132.93,135.56,137.88,133.3,132.18,131.51,130.85,132.39,128.43,127.81,3.47,4.48,0.97,3.71,50000,65.94,Western Europe,Temperate
Ireland,Drogheda,147.39,151.36,156.06,154.37,160.85,162.91,163.82,162.61,166.89,164.77,166.54,163.7,167.16,165.17,164.6,170.05,170.37,176.7,172.37,2.82,6.06,1.39,3.31,50300,77.34,Western Europe,Temperate
Croatia,Zadar,140.26,144.03,143.43,137.12,148.89,150.16,158.14,154.64,162.06,166.49,169.59,169.52,173.89,177.46,181.4,173.75,181.44,188.62,183.64,2.44,6.28,1.16,3.79,25000,77.55,Southern Europe,Mediterranean
Belgium,Bruges,127.71,126,129.34,130.2,131.63,129.34,131.38,129.89,135.33,136.42,134.88,136.89,135.73,135.5,132.07,130.28,136.43,136.87,137.2,2.55,5.37,1.19,2.92,60000,68.43,Western Europe,Temperate
Lithuania,Kaunas,166.32,162.08,173.54,172.01,181.97,191.37,193.78,181.25,198.56,203.52,201.41,195.89,209.58,206.75,212.91,210.2,215.37,219.16,219.94,2.59,3.51,1.35,2.71,30000,70.09,Northern Europe,Continental
Croatia,Slavonski Brod,140.85,147.5,143.56,138.53,151.07,159.41,154.62,155.46,161.39,163.6,169.3,168.41,175.22,174.73,177.97,176.07,180.1,177.7,185.7,2.41,6.33,1.2,3.68,25000,78.17,Southern Europe,Mediterranean
Poland,Lodz,149.04,145.1,153.35,148.26,161.85,158.53,165.08,160.21,166.73,166.61,169.96,171.2,168.33,168.79,174.36,174.05,185.91,180.46,192.94,2.42,3.57,1.07,3.49,30000,73.09,Central Europe,Continental
Estonia,Narva,156.02,157.81,164.71,158.67,174.58,186.31,190.22,179.02,191.76,187.57,191.97,191.41,190.44,191.64,198.02,200.8,198.26,207.42,202.77,2.29,4.02,0.98,3.57,30000,69.17,Northern Europe,Continental
Poland,Wroclaw,150.25,154.31,153.94,156.09,160.04,158.08,161.11,156.31,167.11,171.51,166.91,169.01,172.38,172.07,176.62,173.58,180.34,192.36,192.79,2.4,3.58,1.06,3.45,30000,71.71,Central Europe,Continental
Bulgaria,Burgas,152.62,157.62,154.24,155.58,163.2,159.66,167.24,171.64,173.15,176.94,172.93,176.05,177.36,172.63,183.13,180.16,190.79,193.23,193.46,3.39,6.05,0.97,3.55,20000,66.33,Eastern Europe,Continental
Italy,Naples,105.37,102.43,103.7,103.95,104.49,106.58,107.66,110.26,106.5,108.28,107.48,105.19,107.64,108.85,109.37,106.13,109.17,111.36,109.68,2.76,4.83,1.14,3.86,45000,74.01,Southern Europe,Mediterranean
Germany,Stuttgart,157.3,162.67,162.43,158.93,162.38,167.89,165.54,165.37,168.22,162.5,158.22,167,151.08,152.99,149.81,149.22,148.35,139.95,145.33,2.54,3.75,1.2,3.24,62400,69.85,Western Europe,Temperate
Austria,Salzburg,156.57,158.16,156.07,154.07,164.33,176.81,169.5,166.41,176.59,174.79,164.31,172.85,161.64,163.39,165.83,164.09,164.61,163.92,159.82,2.16,6.77,1.18,2.75,55000,76.33,Central Europe,Continental
Spain,Valencia,131.22,129.13,135.92,132.29,138.82,137.05,141.97,136.97,146.26,146.08,144.65,141.57,143.96,147.49,145.34,144.73,148.87,153.62,150.58,1.63,5.91,1.2,2.99,40000,66.93,Southern Europe,Mediterranean
Belgium,Leuven,128.46,125.91,129.16,126.78,132.47,129.31,130.67,126.49,134.72,136.16,135.35,136.73,135.72,137.03,135.12,133.58,134.83,138.17,138.9,2.6,5.46,1.18,3,60000,69.55,Western Europe,Temperate
Estonia,Kohtla-JÃ¤rve,152.81,156.47,165.62,160.92,176.36,177,187.1,171.73,191.41,191.31,189.65,186.52,191.85,199.6,200.19,204.93,197.78,205.12,201.52,2.29,4.07,0.99,3.56,30000,68.83,Northern Europe,Continental
Czechia,Liberec,189.04,189.91,202.48,195.27,205.61,220.41,217.92,220.47,214.4,213.13,213.77,214.39,212.64,209.8,211.88,200.97,210.34,215.34,215.28,2.96,4.41,0.73,3.7,35000,67.99,Central Europe,Continental
Germany,Kiel,158.81,161.52,162.62,150.38,164.53,164.87,167.62,168.22,161.67,166.58,154.91,152.51,152.76,151.43,148.92,153.38,148.72,140.74,145.69,2.56,3.75,1.22,3.32,62400,69.15,Western Europe,Temperate
Austria,Innsbruck,156.5,151,157.44,160.48,165.22,176.83,168.42,165.58,173.05,163.87,168.77,166.12,168.05,162.48,163.08,167.09,166.08,160.7,160.3,2.18,6.72,1.16,2.71,55000,75.46,Central Europe,Continental
Malta,Birkirkara,136.71,136.32,141.09,138.44,139.84,143.91,144.85,142.22,146.19,148,147.3,150.52,148.78,147.97,153.6,147.66,154.41,156.84,156.76,2.73,5.97,1.51,3.77,35000,73.99,Southern Europe,Mediterranean
Netherlands,Utrecht,169.24,173.06,175.15,171.56,182.13,190.08,186.41,187.62,189.93,185.6,184.45,187,181.89,182.72,184.13,176.79,181.2,179.78,184.1,2.33,6.44,1.48,3.81,60000,65.72,Western Europe,Temperate
Portugal,Amadora,175.18,172.97,177.53,179.6,182.13,187.4,188.03,189.24,194.17,194.56,197.08,197.33,201.18,213.34,203.43,207.49,207.72,210.67,212.95,3.01,4.25,1.05,3.78,30000,67.16,Southern Europe,Mediterranean
Portugal,Coimbra,171.19,174.23,175.74,168.61,183,191.11,189.08,184.25,194.75,189.77,194.41,192.89,201.87,198.85,203.32,203.61,210.81,203.97,211.39,2.99,4.23,1.04,3.85,30000,66.56,Southern Europe,Mediterranean
Germany,Rostock,159.01,158.61,162.59,156.86,161.12,157.47,166.67,171.11,163.87,166.55,154.35,161.79,151.67,157.6,152.06,140.31,151.27,144.34,144.42,2.54,3.77,1.21,3.32,62400,69.55,Western Europe,Temperate
Belgium,Namur,127.03,128.2,131.25,129.95,132.12,132.56,133.2,132.28,133.5,135.8,134.9,136.1,135.69,136.68,133.63,134.32,136.52,137.21,137.45,2.58,5.44,1.2,3,60000,69.48,Western Europe,Temperate
Slovenia,Maribor,154.09,159.35,162.07,157.19,167.87,175.9,170.64,168.14,176.19,175.98,179.18,183.24,184.74,187.88,186.56,181.14,187.85,186.48,190.93,2.44,5.2,0.84,3.54,35000,77.93,Southern Europe,Continental
Austria,Krems,153.35,157.2,157.96,156.45,164.62,165.57,170.87,174.02,177.13,167.85,165.63,168.23,160.92,163.82,162.78,162.51,164.3,158.1,160.24,2.18,6.75,1.18,2.68,55000,75.13,Central Europe,Continental
Poland,Poznan,147.39,155.62,156.34,150.38,162.29,158.86,164,155.94,167.43,171.73,169.99,167.84,168.54,174.16,172.67,172.68,182.33,193.81,191.78,2.4,3.58,1.06,3.46,30000,72.94,Central Europe,Continental
Romania,Timisoara,131.66,136.78,136.26,130.41,139.54,135.34,144.68,140.8,145.54,145.74,148.13,142.1,148.7,144.32,142.78,141.87,150.36,152.07,155.37,2.59,4.77,1.35,3.68,20000,73.26,Eastern Europe,Continental
Cyprus,Famagusta,107.24,108.15,103.52,105.8,106.92,103.53,106.08,104.52,109.19,106.65,108.41,110.63,110.97,108.85,110.29,110.13,108.79,117.08,109.51,3.45,4.27,1.34,3.53,30000,67.36,Southern Europe,Mediterranean
Poland,Gdansk,149.05,143.05,155.38,149.02,160.41,158.15,162.31,155.4,167.31,169.44,169.5,166.51,169.01,171.03,173.44,176.23,182.31,184.79,194.92,2.45,3.57,1.06,3.43,30000,72.69,Central Europe,Continental
Malta,Mosta,137.71,134.23,138.59,141.92,140.85,142.15,146.52,148.63,145.86,147.86,145.41,153.84,149.35,152.23,150.9,152.41,153.07,165.53,158.85,2.75,5.75,1.51,3.78,35000,73.65,Southern Europe,Mediterranean
Sweden,Malmo,137.65,133.11,137.12,142.13,140.05,139.55,142.82,140.68,139.58,138.13,135.8,137.44,130.86,132.74,133.67,133.04,131.62,139.17,129.87,2.45,2.94,1.54,3.31,55000,67.49,Northern Europe,Continental
Luxembourg,Esch-sur-Alzette,171.53,175.45,181.8,176.96,184.4,182.89,187.85,186.64,190,192.47,189.73,187.91,183.27,174.07,180.82,174.08,164.6,170.64,160.95,2.03,5.49,1.29,3.05,85500,64.55,Western Europe,Temperate
Hungary,Miskolc,211.54,214.9,221.22,219.94,240.08,247.35,248.35,238.98,262.91,269.17,259.56,263.28,271.06,268.74,278.14,273.58,273.97,271.34,278.09,2.9,5.61,1.13,3.44,25000,68.23,Central Europe,Continental
Latvia,Jelgava,165.13,167.31,168.35,166.56,174.25,182.71,186.19,180.03,185.91,182.34,186.87,188.61,190.05,191.11,194.27,188.09,195.76,204.52,191.33,2.79,6.25,0.99,3.72,25000,66.99,Northern Europe,Continental
Bulgaria,Ruse,150.08,152.98,153.36,150.86,165.46,162.16,166.86,161.61,171.83,174.03,174.11,179.17,175.01,183.95,188.72,177.41,188.66,194.98,192.91,3.3,6.04,0.95,3.56,20000,67.47,Eastern Europe,Continental
Czechia,Olomouc,191.68,197.08,199.72,196.94,210.9,217.01,217.48,220.68,220.15,215.85,214.41,216.86,212.16,213.4,209.66,215.45,209.13,223.68,215.32,2.92,4.31,0.73,3.87,35000,66.93,Central Europe,Continental
Croatia,Sisak,139.84,145.21,143.77,143.47,152.8,153.85,158.67,161.29,162.16,174.29,170.03,169.78,175.4,178.99,181.91,170.74,182.74,181.82,185.41,2.37,6.39,1.17,3.68,25000,77.54,Southern Europe,Mediterranean
Latvia,Jurmala,166.63,169.39,172.39,165.29,175.81,182.23,187.2,177.29,188.76,183.86,189.12,186.9,183.34,195.54,193.94,189.31,190.95,195.55,187.83,2.82,6.31,0.98,3.69,25000,68.24,Northern Europe,Continental
Germany,Wiesbaden,154.22,162.12,162.03,155.77,161.71,165.32,166.36,165.62,165.8,164.46,156.49,167.28,150.24,150.66,149.03,149.48,146.82,141.94,143.38,2.54,3.72,1.2,3.33,62400,68.15,Western Europe,Temperate
Italy,Turin,103.76,104.15,103.94,102.51,105.7,108.73,107.18,107.25,107.26,104.56,106.36,105.72,106.45,110.74,107.82,107.72,109.02,104.96,109.57,2.71,4.89,1.13,3.92,45000,73.53,Southern Europe,Mediterranean
Belgium,Charleroi,128.22,127.31,128.76,127.2,129.64,132.31,132.84,129.29,133.86,137.58,134.4,134.62,133.9,141.26,134.88,133.91,134.79,140.09,138.88,2.6,5.4,1.18,3.04,60000,69.55,Western Europe,Temperate
Lithuania,Klaipeda,167.55,166.15,176.35,174.79,182.54,188.76,193.38,187.47,199.44,198.16,202.76,197.47,206.89,211.69,213.59,209.69,216.15,215.46,221.92,2.65,3.52,1.34,2.81,30000,68.53,Northern Europe,Continental
France,Nantes,127.8,123.53,128.88,123.59,128.57,130.08,131.28,126.72,132.33,130.38,132.82,133.79,129.84,136.81,133.95,136.87,132.36,128.13,128.49,3.57,4.48,0.95,3.68,50000,65.83,Western Europe,Temperate
Netherlands,Eindhoven,167.15,166.83,176.82,167.67,182.02,186.62,188.66,195.26,190.15,188.63,185.51,184.97,184.73,181.87,183.09,185.78,181.02,183.05,186.76,2.33,6.44,1.46,3.77,60000,66.35,Western Europe,Temperate
France,Brest,125.23,125.91,126.88,123.92,128.92,130.49,130.73,127.02,135.1,131.5,134.61,135.06,131.48,135.5,133.29,135.85,132.76,128.35,127.5,3.37,4.49,0.96,3.68,50000,66.06,Western Europe,Temperate
France,Le Havre,124.97,118.83,128.21,127.92,129.85,127.75,130.29,122.25,133.77,133.89,131.27,135.62,130.68,129.73,131.4,133.55,132.54,129.63,130.54,3.47,4.47,0.96,3.71,50000,65.95,Western Europe,Temperate
Netherlands,Tilburg,170.75,174.56,176.33,178.36,183.27,187.48,188.09,190.93,190.84,185.78,185.19,186.15,182.16,183.96,181.87,191.28,182.44,182.88,185.18,2.33,6.41,1.43,3.74,60000,67.67,Western Europe,Temperate
Denmark,Randers,139.47,138.58,140.14,135.49,145.17,143.88,145.58,143.29,143.91,143.18,140.73,142.06,134.33,132.63,136.18,132.74,137.82,138.34,140.11,2.05,3.46,1.26,3.52,65000,69.32,Northern Europe,Temperate
Slovakia,Nitra,155.31,160.06,162.31,163.8,167.64,170.21,175.31,168.75,177.89,178.18,179.35,182.79,179.22,174.9,172.53,181.6,174.02,178.06,175.79,2.91,6.2,1.41,3.26,30000,63.67,Central Europe,Continental
Germany,Karlsruhe,156.17,157.43,164.33,156.19,161.44,162.13,168.56,164.62,165.16,157.7,158.77,158.25,153.02,151.32,149.16,155.79,148.59,143.91,145.21,2.57,3.75,1.21,3.33,62400,68.6,Western Europe,Temperate
Netherlands,Arnhem,169.3,172.74,176.22,176.27,180.74,188.54,187.33,187.34,189.04,186.59,185.12,186.03,180.12,189.13,177.86,190.08,182.23,179.2,186.04,2.35,6.49,1.42,3.77,60000,66.57,Western Europe,Temperate
Lithuania,Panevezys,167.06,164.59,174.24,171.21,183.42,190.05,195.3,184.3,198.35,196.53,205.3,198.29,205.69,209.88,210.86,210,216.6,217.61,219.06,2.68,3.56,1.35,2.74,30000,69.36,Northern Europe,Continental
Denmark,Horsens,141.87,142.97,140.11,137.3,140.47,145.03,146.91,137.64,144.04,143.25,141.23,148.29,136.33,131.61,134.64,134.63,137.36,140.14,139.31,2.04,3.49,1.3,3.5,65000,67.48,Northern Europe,Temperate
Lithuania,Siauliai,165.98,167.26,172.67,175.67,182.33,184.49,191.41,182.7,197.51,202.14,202.03,198.25,207.14,199.5,212.82,213.66,214.98,223.7,220.89,2.61,3.56,1.34,2.77,30000,68.45,Northern Europe,Continental
Slovakia,Zilina,156.04,155.06,162.69,155.48,165.45,171.19,177.22,167.69,181.17,177.32,176.12,179.07,179.54,175.41,169.24,175.79,176.28,178.29,176.25,2.99,6.27,1.43,3.22,30000,63.6,Central Europe,Continental
Czechia,Karlovy Vary,187.81,192.26,198.54,190.34,208.5,228.07,223.43,222.36,222.71,214.94,213.73,215.62,210.23,210.59,211.61,201,210.73,211.94,212,2.98,4.36,0.74,3.82,35000,66.7,Central Europe,Continental
Lithuania,Alytus,167.55,166.15,176.35,174.79,182.54,188.76,193.38,187.47,199.44,198.16,202.76,197.47,206.89,211.69,213.59,209.69,216.15,215.46,221.92,2.65,3.52,1.34,2.81,30000,68.53,Northern Europe,Continental
Switzerland,Basel,168.76,110.09,138.58,176.34,106.18,181.06,101.28,179.66,197.67,135.58,188.33,186.24,100.77,199.79,143.48,184.84,129.42,196.45,176.33,1.62,5.04,1.11,1.09,80000,82.17,Western Europe,Temperate
Switzerland,Lucerne,167.54,185.33,146.7,178.57,114.75,158.99,195.53,104.4,112.72,120.2,115.64,176.2,164.11,149.34,133.74,147.61,103.42,130.67,127.18,1.62,5.04,1.11,1.09,80000,82.17,Western Europe,Temperate
Switzerland,Lugano,136.36,139.34,124.82,146.94,179.35,151.03,196.84,193.74,112.87,139.31,196.54,125.7,170.79,174.69,162.04,104.5,126.09,112.82,139.42,1.62,5.04,1.11,1.09,80000,82.17,Western Europe,Temperate
Switzerland,Lausanne,146.93,165.47,144.63,105.71,139.09,174.16,164.63,149.86,150.39,140.75,151.81,149.11,147.21,145.51,179.25,112.1,157.78,159.24,180.34,1.62,5.04,1.11,1.09,80000,82.17,Western Europe,Temperate
Switzerland,Biel,146.78,180.7,181.67,137.14,167.08,131.61,158.47,118.48,158.46,132.45,134.98,107.75,102.12,183.75,105.47,175.66,117.85,137.77,134.58,1.62,5.04,1.11,1.09,80000,82.17,Western Europe,Temperate
Norway,Bergen,141.11,114.79,105.17,187.89,179.73,177.28,108.09,178.16,155.32,138.67,167.73,157.38,144.15,141.85,122.29,105.42,142.36,175.23,142.27,1.75,4.22,0.9,1.67,70000,79.71,Northern Europe,Continental
Norway,Stavanger,114.28,167.43,125.76,140.97,199.03,199.9,156.43,149.19,121.52,130.71,179.28,103.39,142.07,199.29,133.84,124.2,134.84,119.76,189.14,1.75,4.22,0.9,1.67,70000,79.71,Northern Europe,Continental
Norway,Trondheim,110.38,122.39,178.67,163.03,111.25,127.76,143.05,156.91,189,147.99,124.95,197.99,178.82,146.96,111.66,173.84,131.23,181.45,157.43,1.75,4.22,0.9,1.67,70000,79.71,Northern Europe,Continental
Norway,Drammen,197.85,122.55,101.08,180.07,191.69,162.22,131.88,107.93,154.85,154.93,163.11,120.17,125.19,194.26,134.38,191.46,166.93,153.61,183,1.75,4.22,0.9,1.67,70000,79.71,Northern Europe,Continental
Norway,Kristiansand,170.54,118.66,128.24,135.85,149.67,173.63,192.65,129.71,105.66,154.61,135.37,181.48,138.19,115.84,196.71,157.99,160.87,188.93,152.32,1.75,4.22,0.9,1.67,70000,79.71,Northern Europe,Continental
